1;JWD 0673;IVECO;ECCUSOR 450 E32T;2008;8ATM1PNH08X062713;970228562;Bussola Logistica PA
2;NSL 6178;SCANIA;G 380 A4X2;2009;9BSG4X200A3649978;169627306; C L Vieira
3;NSL 6418;SCANIA;G 380 A4X2;2009;9BSG4XZ00A3650511;169631605; C L Vieira
4;NSL 5948;SCANIA;G 380 A4X2;2009;9BSG4X200A3650495;169620620; C L Vieira
5;CZB 8303;VOLVO ;FM 12 340 4X2T ;2001;9BVA4B4A01E678432;0076448679-9; C L Vieira
6;CZB 8301;VOLVO ;FM 12 340 4 X 2T;2001;9BVA4B4A01E0677807;0076448721-3; C L Vieira
7;JWD 1853;IVECO;ECCURSOR 450 E32T;2008;8ATM1PNH08X062715;970255764;Bussola Logistica PA
8;IKV 0668;VOLVO ;FM 12 340 4X 2T ;2003;9BVA4B4A03E683748;0078964056-2; C L Vieira
9;NTA8J52;IVECO;TECTOR 240E25;2011;93ZE2HJ00B8903924;298170582;Bussola Logistica PA
10;MBQ 9396;MERCEDES-BENZ;M.BENZ/1938 S;2001;9BM6931961B279883;765457440;Bussola Logistica PA
11;MBQ 9656;MERCEDES-BENZ;M.BENZ/1938 S;2001;9BM6931961B279880;765461838;Bussola Logistica PA
12;CSK3428;SCANIA;G 420 A6X4;2011;9BSG6X400B3680959;00314085505; C L Vieira - N√ÉO TRANSFERIDO VEICULO COM BUSCA E APREENSSAO
14;NHF2D03;VW;24.220 EURO03 WORKER;2007;9BW3782T77R717070;00926548379; C L Vieira
15;MBQ 9566;MERCEDES-BENZ;M.BENZ/1938 S;2001;9BM6931961B280524;765460874;Bussola Logistica PA
16;NSL 4091;SCANIA;G 380 A4X2;2010;9BSG4X200A3655915;195080386; C L Vieira
17;NSL 4161;SCANIA;G 380 A4X2;2010;9BSG4X200A3655684;195084217; C L Vieira
18;NSM 7211;SCANIA;G 380 A4X2;2010;9BSG4X200A3655939;195087933; C L Vieira
19;IKU 8923;VOLVO ;FM 12 340 4 X 2T ;2002;9BVA4B4A02E683665;0078935149-8; C L Vieira
20;JVK 0245;IVECO;ECCURSOR 450 ;2008;8ATM1PNHO8XO65393;0098062508-4; C L Vieira
21;NSM 7261;SCANIA;G 380 A4X2;2010;9BSG4X200A3655966;195087429; C L Vieira
22;IKU 8911;VOLVO ;FM 12 340 4 X 2T;2002;9BVA4B4AO2E683664;0078935164-1; C L Vieira
23;NSR 6665;VOLVO DO BRASIL;FH 440 6X22T;2011;9BVAS02C5BE773472;329891529; C L Vieira
25;IKS 8077;VOLVO;VOLVO/FM12 340 4X2T;2002;9BVA4B4A02E682873;785990461; C L Vieira
26;JWD 1793;IVECO ;ECCURSOR 450 E32T;2008;8ATM1PNH08X062717;970252862;Bussola Logistica PA
27;JVL 0517;IVECO ;ECCURSOR 450 E32T;2008; 8ATM1PNH09X066199;989119556;Bussola Logistica PA
28;JVL 0367;IVECO;ECCURSOR 450 E32T;2008;8ATM1PNH09X066061;989116336;Bussola Logistica PA
29;JVB 3276;IVECO;IVECOSTRALIS HD 450S38T;2008;8ATM2ARH08X065634;982608039;Bussola Logistica PA
30;JVJ 6556;IVECO;ECCURSOR 450 E32T;2008;8ATM1PNH09X065974;985247894;Bussola Logistica PA
31;NSR 6595;VOLVO DO BRASIL;FH 440 6X2T;2011;9BVAS02C7BE773473;329890352; C L Vieira
32;NSR-6765;VOLVO DO BRASIL;FH 440 6X2T;2011;9BVAS02C5BE774038;329894412; C L Vieira
33;NSR 6695;VOLVO DO BRASIL;FH 440 6X2T;2011;9BVAS02C3BE773471;329892444; C L Vieira
34;NSR 6485;VOLVO;FH 440 6X2T;2011;9BVASO2C9BE773474;329886231; C L Vieira
35;FRH2865;IVECO;DAILY35S14 CS;2014;93ZC35B01E8457992;01005818700;Bussola Logistica SP
36;EJY3886;IVECO;TECTOR 240E25;2010;93Z2HJ00B8903699;00281141088;Bussola Logistica SP
37;LYR 1882;MERCEDES-BENZ;M.BENZ LS 1935;1997;9BM388054VB115850;672635771; C L Vieira
38;MCR 0372;MERCEDEZ-BENS;M.BENZ/1938 S;2002;9BM6931962B294164;0077897575-4; C L Vieira
39;EKL4851;IVECO;DAILY35S14 CS;2010;93ZC35A01A8416716;00220166994;Bussola Logistica SP
40;EJY3I90;IVECO;TECTOR 240E25;2010;93ZE2HJ00B8903754;00304365580;Bussola Logistica SP
41;NSL 6058;SCANIA;G 380 A4X2;2009;9BSG4X200A3650353;00 169624404; C L Vieira
42;NSL 6578;SCANIA;G 380 A4X2;2009;9BSG4X200A3650509;169638464; C L Vieira
43;EJY3873;IVECO;DAILY35S14 CS;2011;93ZC35A01B8423783;00304538663;Bussola Logistica SP
44 SP;JVK1I81;VOLVO;VM3104X2T;2007;9BVPOF0A67E0109435;00910060460;Bussola Logistica SP
44;JUL8F03;VOLKS;7-110;2005;9BW8C4ZR85R519836;00853563870; C L VIEIRA
45;OSZ5H48;VW;8.160 DRC 4X2;2013;9531M52P2ER401872;00581731670; C L Vieira
46;OAB4F01;FORD;CARGO 816 S;2014;9BFVEADS1EBS60739;01004085564;Bussola Logistica PA
47;NOW8H11;FORD;CARGO 1119;2014;9BFWEA7B3EBS61844;01006366170;Bussola Logistica PA
48;JTO 2447;VOLVO ; NL 10/320 4X 2T EDC ;1996;9BVN4B9A0TE655304;0065561434-0; C L Vieira
49;OSY 1548;SCANIA;R 480 A6X4;2013;9BSRS6X400D3841398;579582566;Bussola Logistica PA
50;OSY 1718;SCANIA;R 480 A6X4;2013;9BSR6X400D3841231;579585972;Bussola Logistica PA
51;OSY 1848;SCANIA;R 480 A6X4;2013;9BSR6X400D3841122;579587754;Bussola Logistica PA
52;OSY 1948;SCANIA;R 480 A6X4;2013;9BSR6X400D3841299;579617122; C L Vieira
53;OSY 1638;SCANIA;R 480 A6X4;2013;9BSR6X400D3841396;579584160;Bussola Logistica PA
54;OTA 5378;SCANIA;R 480 A6X4;2013;9BSR6X400D3841406;583394000; C L Vieira
55;OTA 5688;SCANIA;R 480 A6X4;2013;9BSR6X400D3841436;583402348;Bussola Logistica PA
56;OTA 5598;SCANIA;R 480 A6X4;2013;9BSR6X400D3841414;583400493; C L Vieira
57;OTA 5C38;SCANIA;R 480 A6X4;2013;9BSR6X400D3842031;583392318; C L Vieira
58;OTA 5858;SCANIA;R 480 A6X4;2013;9BSR6X400D3841451;583405932; C L Vieira
59;OTA 5718;SCANIA;R 480 A6X4;2013;9BSR6X400D3841443;583403530; C L Vieira
60;RWX3E80;DAF;XF FTT 530;2022;98PTTH430PB132808;1331262507;BUSSOLA LOGISTICA PA
61;OTA 5798;SCANIA;R 480 A6X4;2013;9BSR6X400D3841484;583404855; C L Vieira
62;OTA 5908;SCANIA;R 480 A6X4;2013;9BSR6X400D3841449;583413870; C L Vieira
63;OTA 5998;SCANIA;R 480 A6X4;2013;9BSR6X400D3841632;583414702; C L Vieira
64;IIK 6580;MERCEDES-BENZ;LS 1938;1998;9BM696090WB181259;0070785908-5; C L Vieira
65;DJE 8H60;SCANIA;P114GA4X2NZ;2005;9BSP4X2A063578866;869652974; C L Vieira
66;MLI9G50;VOLVO;FH 540 6 X 4T;2013;9BVAG40D3EE813335;602307295;Bussola Logistica SP
67;MLY9G20;VOLVO;FH 460 6 X 4T;2014;9BVAG20DXEE816128;998941590;Bussola Logistica SP
68;MMJ9G10;VOLVO;FH 460 6 X 4T;2014;9BVAG20D7EE816127;997145447;Bussola Logistica SP
69;MLI9G60;VOLVO;FH 540 6 X 4T;2013;9BVAG40D8EE811196;602306612;Bussola Logistica SP
70;MLY9G30;VOLVO;FH 460 6 X 4T;2014;9BVAG20D6EE818258;999182188;Bussola Logistica SP
71;AYR6B76;VOLVO;FH 540 6 X 4T;2014;9BVAG40D1EE821276;1285180540;Bussola Logistica SP
72;MLR9G50;VOLVO;FH 540 6 X 4T;2014;9BVAG40D3EE817492;1008450135;Bussola Logistica SP
73;AYB7E08;VOLVO;FH 540 6 X 4T;2014;9BVAG40D5EE816841;996274260;Bussola Logistica SP
74;MLR9G70;VOLVO;FH 540 6 X 4T;2014;9BVAG40D0EE817491;1008450950;Bussola Logistica SP
75;QVB4289;SCANIA;R500 A6X4;2019;9BSR6X400L3963857;1211716110;Bussola Logistica PA
76;QVB8911;VOLVO ;FH 540 6X4T;2019;9BVRG40DXLE879020;1219493349; C L Vieira
77;QVB8821;VOLVO ;FH 540 6X4T;2019;9BVRG40D5LE879022;1219490609; C L Vieira
78;QVB8861;VOLVO ;FH 540 6X4T;2019;9BVRG40D2LE879021;1219492318; C L Vieira
79;QVB8781;VOLVO ;FH 540 6X4T;2019;9BVRG40D0LE879019;1219489783; C L Vieira
80;KNG 4002;GUERRA;REB/ A GUERRA;1995;9AAG12630SC015681;635173158; C L Vieira
81;ICN 4465;RANDON;RANDON SR GR TR;1994;9ADG12430RM111396;628642865; C L Vieira
82;ICL 6070;RANDON;RANDON SR GR TR;1994;9ADG12430RM110719;627771254; C L Vieira
83;OAK6G93;FORD ;CARGO 816 S;2013;9BFVEADS6DBS41358;00565845217; C L Vieira
84;MIN6A81;M. BENZ;L 1318;2010;9BM694000BB765511;284296236;BUSSOLA LOGISTICA LTDA SP
85;RWX3E90;DAF;XF FTT 530;2022;98PTTH430PB132387;1331263015;BUSSOLA LOGISTICA PA
86;RWY3I60;VOLVO;FH 460 6X2T;2022;9BVRG20C6NE929997;1331381654;BUSSOLA LOGISTICA PA
87;RWY3H80;VOLVO;FH 460 6X2T;2022;9BVRG20C3NE929996;1331381832;BUSSOLA LOGISTICA PA
88;JUS 2316;RANDON;RANDON SR FG CG;2007;9ADR150377S251114;928814244; C L Vieira
89;JUS 2286;RANDON;RANDON SR FG CG;2007;9ADR150377S251115;928814246; C L Vieira
90;JUS 2236;RANDON;RANDON SR FG CG;2007;9ADR150377S245812;928812952; C L Vieira
91;JUS 2276;RANDON;RANDON SR FG CG;2007;9ADR150377S251111;928813622; C L Vieira
92;JUS 2066;RANDON;RANDON SR FG CG;2007;9ADR150377S251113;928815684; C L Vieira
93;JUS 2226;RANDON;RANDON SR FG CG;2007;9ADR150377S251110;928812375; C L Vieira
94;JUS 2396;RANDON;RANDON SR FG CG;2007;9ADR150377S251112;928817776; C L Vieira
95;JUY 9425;RANDON;RANDON SR FG CG;2007;9ADR150377S250028;925485039; C L Vieira
96;JUY 9435;RANDON;RANDON SR FG CG;2007;9ADR150377S250021;925485667; C L Vieira
97;JUY 9445;RANDON;RANDON SR FG CG;2007;9ADR150377S250022;925486329; C L Vieira
98;JUY 9455;RANDON;RANDON SR FG CG;2007;9ADR150377S250023;925487058; C L Vieira
99;JUY 9465;RANDON;RANDON SR FG CG;2007;9ADR150377S245009;925487694; C L Vieira
100;JUU 8435;RANDON;RANDON SR FG;2006;9ADF150366S233857;889659915;Bussola Logistica PA
101;JUU 8445;RANDON;RANDON SR FG;2006;9ADF150366S233858;889660093;Bussola Logistica PA
102;JUU 8455;RANDON;RANDON SR FG;2006;9ADF150366S233859;889660263;Bussola Logistica PA
103;JUU 8465;RANDON;RANDON SR FG;2006;9ADF150366S233860;889660425;Bussola Logistica PA
104;JUU 8475;RANDON;RANDON SR FG;2006;9ADF150366S233861;889660581;Bussola Logistica PA
105;JUU 8485;RANDON;RANDON SR FG;2006;9ADF150366S233856;889660689;Bussola Logistica PA
106;JUU 8495;RANDON;RANDON SR FG;2006;9ADF150366S233855;889660808;Bussola Logistica PA
107;JUU 8505;RANDON;RANDON SR FG;2006;9ADF150366S233852;889660921;Bussola Logistica PA
108;JUU 8515;RANDON;RANDON SR FG;2006;9ADF150366S233854;889661057;Bussola Logistica PA
109;JUU 8525;RANDON;RANDON SR CS TR;2006;9ADF150366S233853;889661146;Bussola Logistica PA
110;JVJ2112;RANDON;RANDON SR FG;2006;9ADF150366S228732;879834455;DELTA DISTRIBUIDORA LTDA
111;JVJ2B32;RANDON;RANDON SR FG;2006;9ADF150366S229864;879835206;DELTA DISTRIBUIDORA LTDA
112;JVJ2152;RANDON;RANDON SR FG;2006;9ADF150366S228648;0879841621;DELTA DISTRIBUIDORA LTDA
113;JVJ 2162;RANDON;RANDON SR FG;2006;9ADF150366S229862;879842911;Bussola Logistica PA
114;JVJ 2172;RANDON;RANDON SR FG;2006;9ADF150366S229863;879843772;Bussola Logistica PA
115;JVJ 2182;RANDON;RANDON SR FG;2006;9ADF150366S229860;879850167;Bussola Logistica PA
116;JVJ 2192;RANDON;RANDON SR FG;2006;9ADF150366S228338;879850795;Bussola Logistica PA
117;JVJ 2202;RANDON;RANDON SR FG;2006;9ADF150366S229861;879851716;Bussola Logistica PA
118;JVJ 2212;RANDON;RANDON SR FG;2006;9ADF150366S229858;879852488;Bussola Logistica PA
119;JVJ 2232;RANDON;RANDON SR FG;2006;9ADF150366S228337;879852933;Bussola Logistica PA
120;JVJ 6622;RANDON;RANDON SR FG;2006;9ADF150366S229865;880086467;Bussola Logistica PA
121;JTL 5565;RANDON ;RANDON SR FG;2006;9ADF150366S233510;888185669;Bussola Logistica PA
122;JUU 2754;RANDON;RANDON SR FG;2006;9ADF150366S233104;887835023;Bussola Logistica PA
123;JUW 3365;RANDON;RANDON SR FG;2006;9ADF150366S233757;890409803;Bussola Logistica PA
124;JTZ 8674;RANDON;RANDON SR FG;2006;9ADF150366S232335;885997794;Bussola Logistica PA
125;JUB 4064;RANDON;RANDON SR FG;2006;9ADF150366S232333;886007615;Bussola Logistica PA
126;JWX 1531;RANDON;RANDON SR FG;2005;9ADF150356S226208;872909638;Bussola Logistica PA
127;JUU 8493;RANDON;RANDON SR FG;2006;9ADF150366S232326;885285204;Bussola Logistica PA
128;JUU 8463;RANDON;RANDON SR FG;2006;9ADF150366S232321;885284313;Bussola Logistica PA
129;JUA 9464;RANDON;RANDON SR FG;2006;9ADF150366S232339;886004160;Bussola Logistica PA
130;JUU 2714;RANDON;RANDON SR FG;2006;9ADF150366S233511;887834086;Bussola Logistica PA
132;JVN 4611;FACCHINI;SEMI-REBOQUE SRF CF;2008;94BF150388R007824;949321265;Bussola Logistica PA
133;JVN 4831;FACCHINI;SEMI-REBOQUE SRF CF;2008;94BF150388R007822;949326194;Bussola Logistica PA
134;JVN 4911;FACCHINI;SEMI-REBOQUE SRF CF;2008;94BF150388R007820;949329185;Bussola Logistica PA
135;JVN 4631;FACCHINI;SEMI-REBOQUE SRF CF;2008;94BF150388R007818;949321982;Bussola Logistica PA
136;JVN 4871;FACCHINI;SEMI-REBOQUE SRF CF;2008;94BF150388R007815;949327123;Bussola Logistica PA
137;JVN 4771;FACCHINI;SEMI-REBOQUE SRF CF;2008;94BF150388R007817;949324477;Bussola Logistica PA
138;JVN 4881;FACCHINI;SEMI-REBOQUE SRF CF;2008;94BF150388R007816;949328073;Bussola Logistica PA
139;JVN 4781;FACCHINI;SEMI-REBOQUE SRF CF;2008;94BF150388R007823;949325082;Bussola Logistica PA
140;JVO 3911;FACCHINI;SEMI-REBOQUE SRF CF;2008;94BF150388R007821;949654205;Bussola Logistica PA
141;JUQ 4343;FACCHINI;SEMI-REBOQUE SRF CF;2008;94BF150388R008296;958900094;Bussola Logistica PA
142;JUQ 9303;FACCHINI;SEMI-REBOQUE SRF CF;2008;94BF150388R008295;958921245;Bussola Logistica PA
143;JUR 1103;FACCHINI;SEMI-REBOQUE SRF CF;2008;94BF150388R008299;958924724;Bussola Logistica PA
144;JUQ 6213;FACCHINI;SEMI-REBOQUE SRF CF;2008;94BF150388R008293;958907390;Bussola Logistica PA
145;JUR 0543;FACCHINI;SEMI-REBOQUE SRF CF;2008;94BF150388R008292;958923582;Bussola Logistica PA
146;JUQ 5133;FACCHINI;SEMI-REBOQUE SRF CF;2008;94BF150388R008297;958901945;Bussola Logistica PA
147;JUQ 9103;FACCHINI;SEMI-REBOQUE SRF CF;2008;94BF150388R008298;958920753;Bussola Logistica PA
148;JUR 1223;FACCHINI;SEMI-REBOQUE SRF CF;2008;94BF150388R008294;958926794;Bussola Logistica PA
149;JUQ 6503;FACCHINI;SEMI-REBOQUE SRF CF;2008;94BF150388R008300;958910367;Bussola Logistica PA
150;JUQ 8143;FACCHINI;SEMI-REBOQUE SRF CF;2008;94BF150388R008291;958918783;Bussola Logistica PA
151;JVG 4803;FACCHINI;SEMI-REBOQUE SRF CF;2008;94BF150388R008415;961226676;Bussola Logistica PA
152;JVG 4773;FACCHINI;SEMI-REBOQUE SRF CF;2008;94BF150388R008416;961225998;Bussola Logistica PA
153;JVG 4833;FACCHINI;SEMI-REBOQUE SRF CF;2008;94BF150388R008417;961228121;Bussola Logistica PA
154;JVG 4653;FACCHINI;SEMI-REBOQUE SRF CF;2008;94BF150388R008419;961220759;Bussola Logistica PA
155;JVG 4733;FACCHINI;SEMI-REBOQUE SRF CF;2008;94BF150388R008418;961224096;Bussola Logistica PA
156;JVR 1083;FACCHINI;SEMI-REBOQUE SRF CF;2008;94BF150388R008735;965812880;Bussola Logistica PA
157;JVR 1463;FACCHINI;SEMI-REBOQUE SRF CF;2008;94BF150388R008737;965828115;Bussola Logistica PA
158;JVR 1413;FACCHINI;SEMI-REBOQUE SRF CF;2008;94BF150388R008738;965825965;Bussola Logistica PA
159;JVR 0963;FACCHINI;SEMI-REBOQUE SRF CF;2008;94BF150388R008736;965808386;Bussola Logistica PA
160;JVR 1363;FACCHINI;SEMI-REBOQUE SRF CF;2008;94BF150388R008739;965823741; C L Vieira
161;JXS 6247;RANDON;RANDON SR FG;2006;9ADF150367S236693;894488740;Bussola Logistica PA
162;JXV 8447;RANDON;RANDON SR FG;2006;9ADF150367S236687;894489585;Bussola Logistica PA
163;JXS 6217;RANDON;RANDON SR FG;2006;9ADF150367S236695;894488244;Bussola Logistica PA
164;JXS 6307;RANDON;RANDON SR FG;2006;9ADF150367S236686;894489305;Bussola Logistica PA
165;JXS 6267;RANDON;RANDON SR FG;2006;9ADF150367S236692;894488902;Bussola Logistica PA
166;JWC 4026;GUERRA;SR/GUERRA AG FG;2009;9AA08153G9C085556;152303081;Bussola Logistica PA
167;JWC 4546;GUERRA;SR/GUERRA AG FG;2009;9AA08153G9C085550;152328971;Bussola Logistica PA
168;JWC 4256;GUERRA;SR/GUERRA AG FG;2009;9AA08153G9C085554;152316523;Bussola Logistica PA
169;JWC 4146;GUERRA;SR/GUERRA AG FG;2009;9AA08153G9C085555;152312552;Bussola Logistica PA
170;JWC 3756;GUERRA;SR/GUERRA AG FG;2009;9AA08153G9C085557;152292306;Bussola Logistica PA
171;JWC 4516;GUERRA;SR/GUERRA AG FG;2009;9AA0815369C085551;152326979;Bussola Logistica PA
172;JWC 4576;GUERRA;SR/GUERRA AG FG;2009;9AA08153G9C085549;152329854;Bussola Logistica PA
173;JWC 4306;GUERRA;SR/GUERRA AG FG;2009;9AA08153G9C085553;152318828;Bussola Logistica PA
174;JWC 4386;GUERRA;SR/GUERRA AG FG;2009;9AA08153G9C085552;152321470;Bussola Logistica PA
175;JWC 4686;RANDON;RANDON SR FG CG;2010;9AA08153GSC080645;152333070;Bussola Logistica PA
176;NSL 4791;RANDON;RANDON SR FG;2010;955R1503AAS303138;195107950;Bussola Logistica PA
177;NSL 4851;RANDON;RANDON SR FG CG;2010;955R1503AAS300596;195111320;Bussola Logistica PA
178;NSM 1121;RANDON;RANDON SR FG CG;2010;955R1503AAS300799;195693868;Bussola Logistica PA
179;NSL 4821;RANDON;RANDON SR FG CG;2010;955R15503AAS300796;195109520;Bussola Logistica PA
180;NSL 4761;RANDON;RANDON SR FG CG;2010;955R1503AAS301263;195106148;Bussola Logistica PA
181;NSL 4801;RANDON;RANDON SR FG CG;2010;955R1503AAS303137;195108817;Bussola Logistica PA
182;NSL 4731;RANDON;RANDON SR FG CG;2010;955R1503AAS303155;195103181;Bussola Logistica PA
183;NSL 4781;RANDON;RANDON SR FG CG;2010;955R1503AAS303139;195107322;Bussola Logistica PA
184;NSL 4831;RANDON;RANDON SR FG;2010;955R1503AAS303140;195110323;Bussola Logistica PA
185;NSL 4581;RANDON;RANDON SR FG;2010;955R1503AA303148;195096738;Bussola Logistica PA
186;NSL 4631;RANDON;RANDON SR FG CG;2010;955R1503AAS303156;195098420;Bussola Logistica PA
187;NSL 4611;RANDON;RANDON SR FG CG;2010;955R1503AAS303147;195097521;Bussola Logistica PA
188;NSL 4561;RANDON;RANDON SR FG CG;2010;955R1503AAS303150;195095871;Bussola Logistica PA
189;NSL 4701;RANDON ;RANDON SR FG CG;2010;955R1503AAS303160;195102142;Bussola Logistica PA
190;NSL 4691;RANDON;RANDON SR FG CG;2010;955R1503AAS303159;195100999;Bussola Logistica PA
191;NSL 4661;RANDON;RANDON SR FG CG;2010;955R1503AAS303158;195100174;Bussola Logistica PA
192;NSL 4641;RANDON;RANDON SR FG CG;2010;955R1503AAS303157;195099265;Bussola Logistica PA
193;NSL 4481;RANDON;RANDON SR FG CG;2010;955R1503AAS303154;195093704;Bussola Logistica PA
194;NSL 4531;RANDON;RANDON SR FG CG;2010;955R1503AAS303151;195095260;Bussola Logistica PA
195;NSL 4501;RANDON;RANDON SR FG;2010;955R1503AAS303153;195094395;Bussola Logistica PA
196;NTB 5535;GUERRA;SR/GUERRA AG FG;2011;9AA08153GBC103204;333531540;Bussola Logistica PA
197;NTB 5545;GUERRA;SR/GUERRA AG FG;2011;9AA08153GBC103205;333532376;Bussola Logistica PA
198;NTB 5595;GUERRA;SR/GUERRA AG FG;2011;9AA08153GBC103208;333533046;Bussola Logistica PA
199;NTB 6265;GUERRA;SR/GUERRA AG FG;2011;9AA08153GBC103203;333583876;Bussola Logistica PA
200;NTB 6285;GUERRA;SR/GUERRA AG FG;2011;9AA08153GBC103202;333585860;Bussola Logistica PA
201;NTB 6335;GUERRA;SR/GUERRA AG FG;2011;9AA08153GBC103200;333587553;Bussola Logistica PA
202;NTB 6375;GUERRA;SR/GUERRA AG FG;2011;9AA08153GBC103217;333589963;Bussola Logistica PA
203;NTB 6415;GUERRA;SR/GUERRA AG FG;2011;9AA08153GBC103201;333591712;Bussola Logistica PA
204;NTB 6435;GUERRA;SR/GUERRA AG FG;2011;9AA08153GBC103206;333593405;Bussola Logistica PA
205;NTB 6495;GUERRA;SR/GUERRA AG FG;2011;9AA08153GBC103207;333594797;Bussola Logistica PA
206;JXR 2558;RANDON;RANDON SR FG CG;2005;9ADF150356S222746;864291400;Bussola Logistica PA
207;OBX 3123;GUERRA;SR/GUERRA AG FG;2012;9AA08153GOC110688;465426506;Bussola Logistica PA
208;OBX 3083;GUERRA;SR/GUERRA AG FG;2012;9AA08153GCC110646;465425577;Bussola Logistica PA
209;OBX 2973;GUERRA;SR/GUERRA AG FG;2012;9AA08153GCC110710;465422993;Bussola Logistica PA
210;OBX 3263;GUERRA;SR/GUERRA AG FG;2012;9AA08153GCC110711;465428363;Bussola Logistica PA
211;OBX 3183;GUERRA;SR/GUERRA AG FG;2012;9AA08153GCC110648;465427413;Bussola Logistica PA
212;OFI 5744;GUERRA;SR/GUERRA AG FG;2012;9AA08153GCC110686;472252968;Bussola Logistica PA
213;OFI 5884;GUERRA;SR/GUERRA AG FG;2012;9AA08153GCC110792;472258400;Bussola Logistica PA
214;OFI 5814;GUERRA;SR/GUERRA AG FG;2012;9AA08153GCC110666;472255746;Bussola Logistica PA
215;OFI 5794;GUERRA;SR/GUERRA AG FG;2012;9AA08153GCC110716;472254812;Bussola Logistica PA
216;OFI 5524;GUERRA;SR/GUERRA AG FG;2012;9AA08153GCC110713;472246810;Bussola Logistica PA
217;OFI 6184;GUERRA;SR/GUERRA AG FG;2012;9AA08153GCC110911;472265040;Bussola Logistica PA
218;OFI 5834;GUERRA;SR/GUERRA AG FG;2012;9AA08153GCC110647;472256637;Bussola Logistica PA
219;OFI 6014;GUERRA;SR/GUERRA AG FG;2012;9AA08153GCC110797;472261355;Bussola Logistica PA
220;OFI 6214;GUERRA;SR/GUERRA AG FG;2012;9AA08153GCC110718;472265539;Bussola Logistica PA
221;OFI 5974;GUERRA;SR/GUERRA AG FG;2012;9AA08153GCC110906;472262149;Bussola Logistica PA
222;OFI 6064;GUERRA;SR/GUERRA AG FG;2012;9AA08153GCC110712;472262807;Bussola Logistica PA
223;OFI 6114;GUERRA;SR/GUERRA AG FG;2012;9AA08153GCC110907;472263650;Bussola Logistica PA
224;OFI 5964;GUERRA;SR/GUERRA AG FG;2012;9AA08153GCC110795;472260588;Bussola Logistica PA
225;OFI 5864;GUERRA;SR/GUERRA AG FG;2012;9AA08153GCCC110910;472257676;Bussola Logistica PA
226;OFI 5614;GUERRA;SR/GUERRA AG FG;2012;9AA08153GCC110714;472249894;Bussola Logistica PA
227;OFI 5564;GUERRA;SR/GUERRA AG FG;2012;9AA08153GCC110794;472248758;Bussola Logistica PA
228;OFI 5664;GUERRA;SR/GUERRA AG FG;2012;9AA08153GCC110717;472251040;Bussola Logistica PA
229;OFI 6144;GUERRA;SR/GUERRA AG FG;2012;9AA08153GCC110909;472264427;Bussola Logistica PA
230;OFK 2714;GUERRA;SR/GUERRA AG FG;2012;9AA08153GCC110719;472775642;Bussola Logistica PA
231;OFQ8225;GUERRA;SR/GUERRA AG FG;2012;9AA08153GCC110715;476399246;Bussola Logistica PA
235;MGU 6170;FACCHINI;SR / FACCHINI SRF CA;2004;94BA102245V007774;844778869;Bussola Logistica PA
236;MGU 7270;FACCHINI;SR / FACCHINI SRF CA;2004;94BA102245V007808;844810606;Bussola Logistica PA
237;MGQ 7210;FACCHINI;SR / FACCHINI SRF CA;2004;94BA075245V007793;844453560;Bussola Logistica PA
238;MGU 4940;FACCHINI;SR / FACCHINI SRF CA;2004;94BA075245V007825;844758078;Bussola Logistica PA
239;MGQ 7290;FACCHINI;SR / FACCHINI SRF CA;2004;94BA075245V007789;844455989;Bussola Logistica PA
240;MGU 5970;FACCHINI;SR / FACCHINI SRF CA;2004;94BA075245V007771;844776122;Bussola Logistica PA
241;MGU 7290;FACCHINI;SR / FACCHINI SRF CA;2004;94BA075245V007809;844811041;Bussola Logistica PA
242;MGU 7840;FACCHINI;SR / FACCHINI SRF CA;2004;94BA102245V007782;844817198;Bussola Logistica PA
243;MGU 4880;FACCHINI;SR / FACCHINI SRF CA;2004;94BA102245V007824;844757357;Bussola Logistica PA
244;MGU 6110;FACCHINI;SR / FACCHINI SRF CA;2004;94BA075245V007773;844778249;Bussola Logistica PA
245;MGU 6200;FACCHINI;SR / FACCHINI SRF CA;2004;94BA075245V007775;844779369;Bussola Logistica PA
246;MGU 7650;FACCHINI;SR / FACCHINI SRF CA;2004;94BA102245V007812;844815020;Bussola Logistica PA
247;MGQ 7220;FACCHINI;SR / FACCHINI SRF CA;2004;94BA102245V007792;844453900;Bussola Logistica PA
248;MGU 5540;FACCHINI;SR / FACCHINI SRF CA;2004;94BA102245V007768;844771821;Bussola Logistica PA
249;MGU 6310;FACCHINI;SR / FACCHINI SRF CA;2004;94BA102245V007776;844781134;Bussola Logistica PA
250;MGU 5480;FACCHINI;SR / FACCHINI SRF CA;2004;94BA075245V007811;844771082;Bussola Logistica PA
251;MGU 7340;FACCHINI;SR / FACCHINI SRF CA;2004;94BA102245V007810;844811858;Bussola Logistica PA
252;MGU 6550;FACCHINI;SR / FACCHINI SRF CA;2004;94BA075245V007777;844787817;Bussola Logistica PA
253;MGQ 7250;FACCHINI;SR / FACCHINI SRF CA;2004;94BA102245V007796;844455164;Bussola Logistica PA
254;MGQ 7180;FACCHINI;SR / FACCHINI SRF CA;2004;94BA102245V007790;844452432;Bussola Logistica PA
255;MGU 7160;FACCHINI;SR / FACCHINI SRF CA;2004;94BA075245V007781;844809217;Bussola Logistica PA
256;MGQ 7260;FACCHINI;SR / FACCHINI SRF CA;2004;94BA075245V007797;844455547;Bussola Logistica PA
257;MGU 5780;FACCHINI;SR / FACCHINI SRF CA;2004;94BA102245V007770;844774251;Bussola Logistica PA
258;MGU 5700;FACCHINI;SR / FACCHINI SRF CA;2004;94BA075245V007769;844773549;Bussola Logistica PA
259;MGU 6030;FACCHINI;SR / FACCHINI SRF CA;2004;94BA102245V007772;844777196;Bussola Logistica PA
260;FQU-5120;RANDON;RANDON SR FG CG;2014;955R1543EES360149;01014610637;Bussola Logistica SP
261;FQW-0295;RANDON;RANDON SR FG CG;2014;955R1543EES361173;01014515235;Bussola Logistica SP
262;FQA-4190;RANDON;RANDON SR FG CG;2014;955R1543EES361172;01014602073;Bussola Logistica SP
263;FQC-6205;RANDON;RANDON SR FG CG;2014;955R1543EES360756;01014514956;Bussola Logistica SP
264;FQE 1571;RANDON;RANDON SR FG CG;2014;955R1543EES360590;01014621965;Bussola Logistica SP
265;FQP-0286;RANDON;RANDON SR FG CG;2014;955R1543EES361168;01055115509;Bussola Logistica SP
266;FQO-7540;RANDON;RANDON SR FG CG;2014;955R1543EES360106;01014625740;Bussola Logistica SP
267;FQF-9387;RANDON;RANDON SR FG CG;2014;955R1543EES361215;01014617992;Bussola Logistica SP
268;FQP 4802;RANDON;RANDON SR FG CG;2014;955R1543EES361169;01014515812;Bussola Logistica SP
269;FQK-0119;RANDON;RANDON SR FG CG;2014;955R1543EES360717;01014516274;Bussola Logistica SP
270;FQV-0149;RANDON;RANDON SR FG CG;2014;955R1543EES360011;01055104515;Bussola Logistica SP
271;FQH-9639;RANDON;RANDON SR FG CG;2014;955R1543EES361170;01014515480;Bussola Logistica SP
272;FQS-2678;RANDON;RANDON SR FG CG;2014;955R1543EES359984;01055117196;Bussola Logistica SP
273;FQV 1781;RANDON;RANDON SR FG CG;2014;955R1543EES359857;01055104620;Bussola Logistica SP
274;FQP-3496;RANDON;RANDON SR FG CG;2014;955R1543EES359935;01055103594;Bussola Logistica SP
275;FQR-8058;RANDON;RANDON SR FG CG;2014;955R1543EES359915;01105095387;Bussola Logistica SP
276;FQI-4034;RANDON;RANDON SR FG CG;2014;955R1543EES359912;01065215000;Bussola Logistica SP
277;FQX 6541;RANDON;RANDON SR FG CG;2014;955R1543EES359913;01085205824;Bussola Logistica SP
278;FQH 8302;RANDON;RANDON SR FG CG;2014;955R1543EES360082;01085204208;Bussola Logistica SP
279;FQC-4930;RANDON;RANDON SR FG CG;2014;955R1543EES360181;01115186750;Bussola Logistica SP
280;FQF-1204;RANDON;RANDON SR FG CG;2014;955R1543EES359916;01085204992;Bussola Logistica SP
281;FQR 4512;RANDON;RANDON SR FG CG;2014;955R1543EES361171;01115053237;Bussola Logistica SP
282;FQH 2532;RANDON;RANDON SR FG CG;2014;955R1543EES359974;01115072878;Bussola Logistica SP
283;FVI-1016;RANDON;RANDON SR FG CG;2014;955R1543EES359791;01115184722;Bussola Logistica SP
284;FQK-7733;RANDON;RANDON SR FG CG;2014;955R1543EES359934;01115074110;Bussola Logistica SP
285;FQW 2153;RANDON;RANDON SR FG CG;2014;955R1543EES359986;01115181952;Bussola Logistica SP
286;FQN 5122;RANDON;RANDON SR FG CG;2014;955R1543EES360132;01115183700;Bussola Logistica SP
287;FQD-9483;RANDON;RANDON SR FG CG;2014;955R1543EES360023;01115069664;Bussola Logistica SP
288;FQX 2791;FORD CARGO;FORD CARGO 816 S;2015;9FBVEADS6FBS75190;1020067290;Bussola Logistica PA
289;FQF 7949;FORD CARGO;FORD CARGO 816 S;2015;9BFVEADSXFBS76715;1020070630;Bussola Logistica PA
290;FQO8506;FORD CARGO;FORD CARGO 816 S;2015;9BFVEADS5FBS75181;1020066269;Bussola Logistica PA
291;FFG4I53;RANDON;RANDON SR FG CG;2015;955R1053FFS362597;01043772267;Bussola Logistica PA
292;FBG 5945;RANDON;RANDON SR FG CG;2015;955R1053FFS362609;01044385674;Bussola Logistica SP
293;FAO5D21;RANDON;RANDON SR FG CG;2015;955R1053EFS362587;01043984302;Bussola Logistica PA
294;FFK5F09;RANDON;RANDON SR FG CG;2015;955R1053FFS362602;01044386107;Bussola Logistica PA
295;FER-2968;RANDON;RANDON SR FG CG;2015;955R1053FFS362613;01044181297;Bussola Logistica PA
296;FCZ 7769;RANDON;RANDON SR FG CG;2015;955R1053FFS362614;01044179241;Bussola Logistica SP
297;FAL9D40;RANDON;RANDON SR FG CG;2015;955R1053FFS362600;01044181084;Bussola Logistica PA
298;FHD8H40;RANDON;RANDON SR FG CG;2015;955R1053FFS362616;01044180231;Bussola Logistica PA
299;FCU 1259;RANDON;RANDON SR FG CG;2015;955R1053FFS362598;01044179942;Bussola Logistica SP
300;FAU4H18;RANDON;RANDON SR FG CG;2015;955R1053FFS362615;01043984523;Bussola Logistica PA
301;FCQ 4914;RANDON;RANDON SR FG CG;2015;955R1053EFS362589;01043710571;Bussola Logistica SP
302;FER 4269;RANDON;RANDON SR FG CG;2015;955R1053FFS362608;01044180622;Bussola Logistica SP
303;FCF0F24;RANDON;RANDON SR FG CG;2015;955R1053FFS362601;01044384821;Bussola Logistica PA
304;FJY 0579;RANDON;RANDON SR FG CG;2015;955R1053FFS362607;01044179497;Bussola Logistica SP
305;FLZ 9270;RANDON;RANDON SR FG CG;2015;955R1053EFS362590;01044181440;Bussola Logistica SP
306;FEJ5A26;RANDON;RANDON SR FG CG;2015;955R1053FFS362599;01043984817;Bussola Logistica PA
307;FFI 3295;RANDON;RANDON SR FG CG;2015;955R1053FFS362617;01044180932;Bussola Logistica SP
308;FOI 0667;RANDON;RANDON SR FG CG;2015;955R1053EFS362585;01043984582;Bussola Logistica SP
309;FDK7C98;RANDON;RANDON SR FG CG;2015;955R1053FFS362605;01043771740;Bussola Logistica PA
310;FEE6J49;RANDON;RANDON SR FG CG;2015;955R1053FFS362604;01043771929;Bussola Logistica PA
311;FCS6B72;RANDON;RANDON SR FG CG;2015;955R1053FFS362612;01043771643;Bussola Logistica PA
312;FBY 7425;RANDON;RANDON SR FG CG;2015;955R1053EFS362583;01043984647;Bussola Logistica SP
313;FQK3G68;RANDON;RANDON SR FG CG;2015;955R1053EFS362573;01043984876;Bussola Logistica PA
314;FEY 8259;RANDON;RANDON SR FG CG;2015;955R1053FFS362594;01043771589;Bussola Logistica SP
315;FJR 0258;RANDON;RANDON SR FG CG;2015;955R1053EFS362586;01043984507;Bussola Logistica SP
316;FBP7E65;RANDON;RANDON SR FG CG;2015;955R1053FFS362603;01044180479;Bussola Logistica PA
317;FDA 6541;RANDON;RANDON SR FG CG;2015;955R1053FFS362595;01043712116;Bussola Logistica SP
318;FCD 5200;RANDON;RANDON SR FG CG;2015;955R1053EFS362588;01043984361;Bussola Logistica SP
319;FAA5G90;RANDON;RANDON SR FG CG;2015;955R1053EFS362501;01043984779;Bussola Logistica PA
320;FDU1E65;RANDON;RANDON SR FG CG;2015;955R1053FFS362610;01044179705;Bussola Logistica PA
321;FOF 6557;RANDON;RANDON SR FG CG;2015;955R1053FFS362596;01043815390;Bussola Logistica SP
322;FCK 4467;RANDON;RANDON SR FG CG;2015;955R1053EFS362584;01043984736;Bussola Logistica SP
323;FFC 3627;RANDON;RANDON SR FG CG;2015;955R1053FFS362606;01043772070;Bussola Logistica SP
324;FAK 5438;RANDON;RANDON SR FG CG;2015;955R1053FFS362611;01043772224;Bussola Logistica SP
325;FVP8B42;RANDON;RANDON SR FG CG;2015;955R1053EFS362572;01043984442;Bussola Logistica PA
326;QZG0F16;REB;BERTOLINI AMZ BAL3EL;2021;9A93BTCS3MMCP1090;01268099098;Bussola Logistica AM
327;QZE8G46;REB;BERTOLINI AMZ BAL3EL;2021;9A93BTCS4MMCP1109;01268076284;Bussola Logistica AM
328;QZF6G96;REB;BERTOLINI AMZ BAL3EL;2021;9A93BTCS5MMCP1118;01268098458;Bussola Logistica AM
329;QZG0G46;REB;BERTOLINI AMZ BAL3EL;2021;9A93BTCS5MMCP1115;01268098725;Bussola Logistica AM
330;QZZ8A07;REB;BERTOLINI AMZ BAL3EL;2021;9A93BTCS3MMCP1085;01268099730;Bussola Logistica AM
331;QZZ7J87;REB;BERTOLINI AMZ BAL3EL;2021;9A93BTCS3MMCP1072;01268099357;Bussola Logistica AM
332;QZZ7H67;REB;BERTOLINI AMZ BAL3EL;2021;9A93BTCS3MMCP1084;01268099837;Bussola Logistica AM
333;QZG0E86;REB;BERTOLINI AMZ BAL3EL;2021;9A93BTCS6MMCP1154;01269858189;Bussola Logistica AM
334;QZZ7I07;REB;BERTOLINI AMZ BAL3EL;2021;9A93BTCS3MMCP1182;01268100231;Bussola Logistica AM
335;QZG0F06;REB;BERTOLINI AMZ BAL3EL;2021;9A93BTCS6MMCP1155;01269857182;Bussola Logistica AM
336;QZG0H56;REB;BERTOLINI AMZ BAL3EL;2021;9A93BTCS3MMCP1086;01268099586;Bussola Logistica AM
337;QZG0H06;REB;BERTOLINI AMZ BAL3EL;2021;9A93BTCS3MMCP1070;01268099675;Bussola Logistica AM
338;QZG0G86;REB;BERTOLINI AMZ BAL3EL;2021;9A93BTCS5MMCP1117;01268097915;Bussola Logistica AM
339;QZZ7J77;REB;BERTOLINI AMZ BAL3EL;2021;9A93BTCS3MMCP1071;01268099527;Bussola Logistica AM
340;QZZ7H87;REB;BERTOLINI AMZ BAL3EL;2021;9A93BTCS3MMCP1082;01268100070;Bussola Logistica AM
341;QZG0G76;REB;BERTOLINI AMZ BAL3EL;2021;9A93BTCS5MMCP1119;01268098105;Bussola Logistica AM
342;QZZ7J67;REB;BERTOLINI AMZ BAL3EL;2021;9A93BTCS3MMCP1075;01268098857;Bussola Logistica AM
343;QZG0F36;REB;BERTOLINI AMZ BAL3EL;2021;9A93BTCS3MMCP1088;01268099284;Bussola Logistica AM
344;QZG0F26;REB;BERTOLINI AMZ BAL3EL;2021;9A93BTCS3MMCP1089;01268099160;Bussola Logistica AM
345;QZZ7J27;REB;BERTOLINI AMZ BAL3EL;2021;9A93BTCS3MMCP1079;01268100398;Bussola Logistica AM
346;QZZ7J47;REB;BERTOLINI AMZ BAL3EL;2021;9A93BTCS3MMCP1077;01268100657;Bussola Logistica AM
347;QZG0G66;REB;BERTOLINI AMZ BAL3EL;2021;9A93BTCS4MMCP1108;01268098946;Bussola Logistica AM
348;QZZ1C67;REB;BERTOLINI AMZ BAL3EL;2021;9A93BTCS3MMCP1073;01268329018;Bussola Logistica AM
349;QZZ7J97;REB;BERTOLINI AMZ BAL3EL;2021;9A93BTCS3MMCP1074;01268099004;Bussola Logistica AM
350;QZG0E96;REB;BERTOLINI AMZ BAL3EL;2021;9A93BTCS6MMCP1153;01269858421;Bussola Logistica AM
351;QZG0F46;REB;BERTOLINI AMZ BAL3EL;2021;9A93BTCS3MMCP1087;01268099390;Bussola Logistica AM
352;QZZ7H57;REB;BERTOLINI AMZ BAL3EL;2021;9A93BTCS3MMCP1083;01268099934;Bussola Logistica AM
353;QZZ7J57;REB;BERTOLINI AMZ BAL3EL;2021;9A93BTCS3MMCP1076;01268098687;Bussola Logistica AM
354;QZZ7J37;REB;BERTOLINI AMZ BAL3EL;2021;9A93BTCS3MMCP1078;01268100550;Bussola Logistica AM
355;QZG0G06;REB;BERTOLINI AMZ BAL3EL;2021;9A93BTCS5MMCP1116;01268098466;Bussola Logistica AM
356;EJV1J13;VOLVO;FH 460 6X2T;2013;9BVAG2C8EE810606;588658030;Bussola Logistica PA
357;EJV2C46;VOLVO;FH 460 6X2T;2013;9BVAG20C6EE808968;572997574;Bussola Logistica PA
358;EJV2C61;VOLVO;FH 460 6X2T;2013;9BVAG20CXEE810603;588911801;Bussola Logistica PA
359;FQY7J43;VOLVO;FH 460 6X2T;2014;9BVAG20C5EE822959;1016455000;Bussola Logistica PA
360;FQE6E39;VOLVO;FH 460 6X2T;2014;9BVAG20C3EE820976;1065172947;Bussola Logistica PA
361;FQJ9G20;VOLVO;FH 460 6X2T;2014;9BVAG20C3EE820751;1014470517;Bussola Logistica PA
362;FTP4E11;VOLVO;FH 460 6X2T;2014;9BVAG20C8EE821141;1065176101;Bussola Logistica PA
363;FRG0H72;VOLVO;FH 460 6X2T;2014;9BVAG20CXEE816584;1007181092;Bussola Logistica PA
364;FJE7J99;SCANIA;R 440 A6X2;2014;9BSR6X200F3870233;1033423847;Bussola Logistica PA
365;EJV2C76;VOLVO;FH 460 6X2T;2013;9BVAG206EE811531;589502344;Bussola Logistica PA
366;EJV2B13;VOLVO;FH ;2013;9BVAG20C2EE810693;588658588;Bussola Logistica PA
368;EZU9F13;SCANIA;G 400 A6X2;2013;9BSG6X200D3822182;507920406;C L VIEIRA
369;FEI1E02;SCANIA;G 400 A6X2;2013;9BSG6X200D3839963;569342392;C L VIEIRA
370;MKT9I33;SCANIA;G 400 A6X2;2013;9BSG6X200D3828873;532614631;C L VIEIRA
371;MKS5D33;SCANIA;G 400 A6X2;2013;9BSG6X200D3828905;532294890;C L VIEIRA
372;MKI9A84;SCANIA;G 400 A6X2;2013;9BSG6X200D3833731;542864010;C L VIEIRA
373;FEI1426;SCANIA;G 400 A6X2;2013;9BSG6X200D3840713;569342201;EM PROCESSO DE TRANSFERENCIA
374;MKS3I23;SCANIA;G 400 A6X2;2013;9BSG6X200D3828901;532297750;C L VIEIRA
375;MLE3H43;SCANIA;G 400 A6X2;2013;9BSG6X200D3829464;534700810;C L VIEIRA
377;MMI8E33;SCANIA;G 400 A6X2;2013;9BSG6X200D3831814;539190217;C L VIEIRA
378;MKV5A44;SCANIA;G 400 A6X2;2013;9BSG6X200D3834427;546533825;C L VIEIRA
379;QJC8G75;SCANIA;R 440 A6X2;2018;9BSR6X200J3931362;1155988027;C L VEIRA
380;QIO2B08;SCANIA;R 440 A6X2;2017;9BSR6X200J3913414;1132435240;C L VEIRA
380;MLC7753;SCANIA;G 400 A6X2;2013;9BSG6X200D3829386;534448003;EM PROCESSO DE TRANSFERENCIA
381;EZU9353;SCANIA;G 400 A6X2;2012;9BSG6X200D3817634;495207853;EM PROCESSO DE TRANSFERENCIA
382;FEI1173;SCANIA;G 400 A6X2;2013;9BSG6X200D3834980;554028310;EM PROCESSO DE TRANSFERENCIA
383;MLD8G73;SCANIA;G 400 A6X2;2013;9BSG6X200D38329309;534447570;EM PROCESSO DE TRANSFERENCIA
384;EZU9973;SCANIA;G 400 A6X2;2013;9BSG6X200D3834230;55050144;EM PROCESSO DE TRANSFERENCIA
385;FEI1425;SCANIA;G 400 A6X2;2013;9BSG6X200D3840681;569342058;EM PROCESSO DE TRANSFERENCIA
386;EZU9585;SCANIA;G 400 A6X2;2013;9BSG6X200D3824806;527106020;EM PROCESSO DE TRANSFERENCIA
387;EZU9957;SCANIA;G 400 A6X2;2013;9BSG6X200D3834508;546780202;EM PROCESSO DE TRANSFERENCIA
388;EZU9058;SCANIA;G 400 A6X2;2012;9BSG6X200D3816761;494303727;EM PROCESSO DE TRANSFERENCIA
389;FEI1F30;SCANIA;G 400 A6X2;2013;9BSG6X200D3842462;586167870;EM PROCESSO DE TRANSFERENCIA
NFF 0I85;CACAMBA;FORD ;CARGO 4331;2004;9BFYCTETX4BB35276;0082794388-1;Bussola Logistica PA
MVV 6177;CACAMBA;FORD ;CARGO 4331;2003;9BFYCTET43BB24918;0080844082-9;Bussola Logistica PA
MVV 5288;CACAMBA;FORD ;CARGO 4331;2003;9BFYCTET53BB25379;0080999293-0;Bussola Logistica PA
OTV 3333;VOLVO - CHARLES;VOLVO;XC 60 2.0 T5 R;2014;YV1DZ475BE2531028;998284289;Bussola Logistica PA
QEN4537;FORD KA - SP;FORD KA;KA SE 1.0 HA C;2018;9BFZH55L9K8278504;1177062590;Bussola Logistica PA
